{
  "prepare_queue": {
    "installed": [],
    "uninstalled": []
  },
  "config_munge": {
    "files": {
      "res/xml/config.xml": {
        "parents": {
          "/*": [
            {
              "xml": "<feature name=\"OneSignalPush\"><param name=\"android-package\" value=\"com.onesignal.cordova.OneSignalPush\" /></feature>",
              "count": 1
            }
          ]
        }
      }
    }
  },
  "installed_plugins": {
    "onesignal-cordova-plugin": {
      "PACKAGE_NAME": "com.ginbert.shop"
    }
  },
  "dependent_plugins": {},
  "modules": [
    {
      "id": "onesignal-cordova-plugin.OneSignalPlugin",
      "file": "plugins/onesignal-cordova-plugin/dist/index.js",
      "pluginId": "onesignal-cordova-plugin",
      "clobbers": [
        "OneSignal"
      ]
    },
    {
      "id": "onesignal-cordova-plugin.NotificationReceivedEvent",
      "file": "plugins/onesignal-cordova-plugin/dist/NotificationReceivedEvent.js",
      "pluginId": "onesignal-cordova-plugin"
    },
    {
      "id": "onesignal-cordova-plugin.OSNotification",
      "file": "plugins/onesignal-cordova-plugin/dist/OSNotification.js",
      "pluginId": "onesignal-cordova-plugin"
    },
    {
      "id": "onesignal-cordova-plugin.UserNamespace",
      "file": "plugins/onesignal-cordova-plugin/dist/UserNamespace.js",
      "pluginId": "onesignal-cordova-plugin"
    },
    {
      "id": "onesignal-cordova-plugin.PushSubscriptionNamespace",
      "file": "plugins/onesignal-cordova-plugin/dist/PushSubscriptionNamespace.js",
      "pluginId": "onesignal-cordova-plugin"
    },
    {
      "id": "onesignal-cordova-plugin.DebugNamespace",
      "file": "plugins/onesignal-cordova-plugin/dist/DebugNamespace.js",
      "pluginId": "onesignal-cordova-plugin"
    },
    {
      "id": "onesignal-cordova-plugin.InAppMessagesNamespace",
      "file": "plugins/onesignal-cordova-plugin/dist/InAppMessagesNamespace.js",
      "pluginId": "onesignal-cordova-plugin"
    },
    {
      "id": "onesignal-cordova-plugin.SessionNamespace",
      "file": "plugins/onesignal-cordova-plugin/dist/SessionNamespace.js",
      "pluginId": "onesignal-cordova-plugin"
    },
    {
      "id": "onesignal-cordova-plugin.LocationNamespace",
      "file": "plugins/onesignal-cordova-plugin/dist/LocationNamespace.js",
      "pluginId": "onesignal-cordova-plugin"
    },
    {
      "id": "onesignal-cordova-plugin.NotificationsNamespace",
      "file": "plugins/onesignal-cordova-plugin/dist/NotificationsNamespace.js",
      "pluginId": "onesignal-cordova-plugin"
    },
    {
      "id": "onesignal-cordova-plugin.LiveActivitiesNamespace",
      "file": "plugins/onesignal-cordova-plugin/dist/LiveActivitiesNamespace.js",
      "pluginId": "onesignal-cordova-plugin"
    }
  ],
  "plugin_metadata": {
    "onesignal-cordova-plugin": "5.2.14"
  }
}
